datetime;fast_tf;slow_tf;period;hma_value;fast_close;direction
2026-04-21 03:25:00;M5;60;21;4822,95718;4819,77000;DOWN
2026-04-21 11:20:00;M5;60;21;4785,72338;4786,73000;UP
2026-04-21 15:15:00;M5;60;34;4788,97888;4783,66000;DOWN
2026-04-21 16:40:00;M5;60;34;4785,96928;4789,13000;UP
2026-04-21 16:05:00;M5;60;21;4777,10620;4768,02000;DOWN
2026-04-21 17:05:00;M5;60;21;4772,25641;4780,73000;UP
2026-04-21 17:05:00;M5;60;34;4780,76618;4780,73000;DOWN
2026-04-21 18:05:00;M5;60;21;4765,00500;4740,54000;DOWN
2026-04-21 22:20:00;M5;60;21;4711,94195;4714,32000;UP
2026-04-21 23:05:00;M5;60;21;4701,00839;4679,65000;DOWN
2026-04-22 01:05:00;M5;60;21;4694,19767;4720,65000;UP
2026-04-22 10:15:00;M5;60;21;4765,11524;4763,83000;DOWN
2026-04-22 14:40:00;M5;60;34;4751,37405;4748,63000;DOWN
2026-04-22 16:45:00;M5;60;34;4756,61392;4756,74000;UP
2026-04-22 17:05:00;M5;60;34;4757,28956;4746,06000;DOWN
2026-04-22 18:30:00;M5;60;55;4733,24434;4732,83000;DOWN
2026-04-22 19:05:00;M5;60;55;4733,23109;4733,49000;UP
2026-04-22 21:05:00;M5;60;21;4733,90247;4737,38000;UP
2026-04-22 21:15:00;M5;60;55;4733,62942;4732,83000;DOWN
2026-04-22 22:05:00;M5;60;55;4734,17389;4740,28000;UP
2026-04-23 01:20:00;M5;60;55;4735,30584;4735,26000;DOWN
2026-04-23 02:15:00;M5;60;21;4728,70203;4728,97000;UP
2026-04-23 03:25:00;M5;60;34;4737,21563;4741,49000;UP
2026-04-23 03:05:00;M5;60;21;4729,37784;4715,42000;DOWN
2026-04-23 04:05:00;M5;60;21;4729,18517;4743,96000;UP
2026-04-23 04:15:00;M5;60;55;4735,99039;4734,19000;DOWN
2026-04-23 05:05:00;M5;60;21;4725,80006;4714,41000;DOWN
2026-04-23 08:45:00;M5;60;21;4709,81877;4710,45000;UP
2026-04-23 09:40:00;M5;60;34;4713,49021;4715,10000;UP
2026-04-23 10:05:00;M5;60;34;4711,08589;4710,17000;DOWN
2026-04-23 11:05:00;M5;60;34;4708,78215;4718,67000;UP
2026-04-23 11:40:00;M5;60;21;4704,24967;4703,76000;DOWN
2026-04-23 12:20:00;M5;60;21;4701,91436;4702,08000;UP
2026-04-23 12:05:00;M5;60;55;4716,51178;4695,39000;DOWN
2026-04-23 13:05:00;M5;60;21;4699,03410;4691,49000;DOWN
2026-04-23 14:15:00;M5;60;21;4699,05563;4702,32000;UP
2026-04-23 18:50:00;M5;60;21;4720,20771;4717,13000;DOWN
2026-04-23 19:30:00;M5;60;21;4724,31474;4728,39000;UP
2026-04-23 20:15:00;M5;60;55;4710,03875;4708,89000;DOWN
2026-04-23 21:10:00;M5;60;34;4713,45259;4713,81000;UP
2026-04-23 22:05:00;M5;60;55;4708,93668;4695,97000;DOWN
2026-04-24 03:10:00;M5;60;21;4697,83300;4698,05000;UP
2026-04-24 04:25:00;M5;60;55;4700,48139;4698,42000;DOWN
2026-04-24 05:05:00;M5;60;21;4690,48690;4694,66000;UP
2026-04-24 06:05:00;M5;60;21;4685,05408;4670,41000;DOWN
2026-04-24 08:25:00;M5;60;21;4676,42024;4676,47000;UP
2026-04-24 09:25:00;M5;60;21;4673,59142;4671,35000;DOWN
2026-04-24 10:05:00;M5;60;21;4673,59294;4677,50000;UP
2026-04-24 11:05:00;M5;60;89;4688,24216;4688,04000;DOWN
2026-04-24 12:05:00;M5;60;89;4686,57739;4691,32000;UP
2026-04-24 12:25:00;M5;60;55;4683,54436;4683,28000;DOWN
2026-04-24 13:05:00;M5;60;55;4682,10184;4683,43000;UP
2026-04-24 13:05:00;M5;60;89;4684,96343;4683,43000;DOWN
2026-04-24 14:05:00;M5;60;21;4679,85455;4696,02000;UP
2026-04-24 20:25:00;M5;60;21;4723,11035;4722,88000;DOWN
2026-04-24 23:00:00;M5;60;34;4711,96577;4711,25000;DOWN
2026-04-27 01:05:00;M5;60;89;4690,66055;4681,63000;DOWN
2026-04-27 04:00:00;M5;60;55;4700,52768;4707,99000;UP
2026-04-27 04:05:00;M5;60;55;4700,79035;4698,13000;DOWN
2026-04-27 05:15:00;M5;60;21;4701,48521;4705,24000;UP
2026-04-27 08:30:00;M5;60;34;4715,51089;4712,70000;DOWN
2026-04-27 10:00:00;M5;60;34;4715,97347;4717,33000;UP
2026-04-27 10:15:00;M5;60;34;4715,89809;4715,13000;DOWN
2026-04-27 11:10:00;M5;60;55;4711,69537;4710,87000;DOWN
2026-04-27 15:15:00;M5;60;21;4709,10771;4710,83000;UP
2026-04-27 15:40:00;M5;60;89;4699,92840;4698,85000;DOWN
2026-04-27 16:15:00;M5;60;89;4700,21616;4700,66000;UP
2026-04-27 16:05:00;M5;60;34;4708,36673;4696,20000;DOWN
2026-04-27 17:05:00;M5;60;89;4700,15296;4688,84000;DOWN
2026-04-27 20:30:00;M5;60;21;4680,71510;4685,04000;UP
2026-04-28 01:05:00;M5;60;34;4680,26704;4688,85000;UP
2026-04-28 02:15:00;M5;60;55;4690,72855;4691,02000;UP
2026-04-28 03:30:00;M5;60;89;4693,34550;4693,15000;DOWN
2026-04-28 04:25:00;M5;60;55;4687,60913;4687,57000;DOWN
2026-04-28 05:15:00;M5;60;21;4677,76293;4678,00000;UP
2026-04-28 06:05:00;M5;60;34;4673,73192;4672,75000;DOWN
2026-04-28 15:45:00;M5;60;21;4591,17585;4599,07000;UP
2026-04-28 16:05:00;M5;60;21;4580,41157;4572,96000;DOWN
2026-04-28 17:15:00;M5;60;21;4571,32126;4571,44000;UP
2026-04-28 19:05:00;M5;60;34;4580,37885;4585,12000;UP
2026-04-28 20:35:00;M5;60;55;4597,78438;4598,48000;UP
2026-04-29 03:05:00;M5;60;89;4603,17196;4608,34000;UP
2026-04-29 04:00:00;M5;60;21;4590,14366;4582,53000;DOWN
2026-04-29 05:00:00;M5;60;21;4592,32429;4592,38000;UP
2026-04-29 04:05:00;M5;60;89;4599,38560;4581,24000;DOWN
2026-04-29 05:05:00;M5;60;89;4595,78694;4598,82000;UP
2026-04-29 05:50:00;M5;60;21;4593,64947;4592,96000;DOWN
2026-04-29 06:05:00;M5;60;21;4594,47427;4599,60000;UP
2026-04-29 08:30:00;M5;60;21;4596,64830;4595,45000;DOWN
2026-04-29 09:30:00;M5;60;89;4583,65581;4583,46000;DOWN
2026-04-29 10:05:00;M5;60;34;4583,58111;4579,63000;DOWN
2026-04-29 11:30:00;M5;60;55;4564,64571;4562,38000;DOWN
2026-04-29 12:05:00;M5;60;55;4563,29198;4572,22000;UP
2026-04-29 13:05:00;M5;60;89;4571,41592;4565,30000;DOWN
2026-04-29 14:50:00;M5;60;55;4560,62049;4560,47000;DOWN
2026-04-29 15:05:00;M5;60;21;4561,61933;4562,78000;UP
2026-04-29 16:05:00;M5;60;89;4561,03302;4546,47000;DOWN
2026-04-29 18:05:00;M5;60;21;4536,82589;4539,93000;UP
2026-04-29 19:45:00;M5;60;89;4549,61904;4546,27000;DOWN
2026-04-29 20:05:00;M5;60;34;4545,05514;4550,77000;UP
2026-04-29 21:05:00;M5;60;89;4542,72469;4533,54000;DOWN
2026-04-29 22:05:00;M5;60;21;4531,37162;4538,97000;UP
2026-04-30 06:25:00;M5;60;21;4563,96862;4563,22000;DOWN
2026-04-30 07:25:00;M5;60;34;4547,33508;4547,15000;DOWN
2026-04-30 08:35:00;M5;60;21;4564,33138;4565,67000;UP
2026-04-30 09:05:00;M5;60;21;4567,45952;4565,19000;DOWN
2026-04-30 10:05:00;M5;60;21;4573,59172;4594,75000;UP
2026-04-30 15:25:00;M5;60;21;4630,75108;4629,17000;DOWN
2026-04-30 16:05:00;M5;60;21;4637,75243;4639,97000;UP
2026-04-30 16:50:00;M5;60;34;4614,40443;4613,88000;DOWN
2026-04-30 17:15:00;M5;60;34;4621,07461;4622,08000;UP
2026-04-30 17:05:00;M5;60;21;4641,76306;4620,92000;DOWN
2026-04-30 18:05:00;M5;60;34;4626,04512;4623,39000;DOWN
2026-04-30 23:10:00;M5;60;55;4616,38098;4616,11000;DOWN
2026-05-01 01:05:00;M5;60;21;4624,57096;4631,16000;UP
2026-05-01 03:05:00;M5;60;55;4627,18935;4626,86000;DOWN
2026-05-01 05:00:00;M5;60;21;4623,73519;4624,61000;UP
2026-05-01 05:15:00;M5;60;55;4632,38680;4633,68000;UP
2026-05-01 05:45:00;M5;60;21;4623,14390;4620,83000;DOWN
2026-05-01 06:20:00;M5;60;21;4623,31318;4623,56000;UP
2026-05-01 06:05:00;M5;60;55;4634,49333;4619,03000;DOWN
2026-05-01 07:05:00;M5;60;21;4622,06505;4620,93000;DOWN
2026-05-01 09:05:00;M5;60;89;4605,73057;4603,01000;DOWN
2026-05-01 14:15:00;M5;60;21;4569,70116;4571,69000;UP
2026-05-01 15:15:00;M5;60;34;4586,00088;4588,46000;UP
2026-05-01 16:50:00;M5;60;55;4610,76874;4616,99000;UP
2026-05-01 21:10:00;M5;60;89;4616,74727;4615,74000;DOWN
2026-05-01 22:05:00;M5;60;89;4618,55583;4622,77000;UP
2026-05-01 22:40:00;M5;60;55;4613,05917;4611,84000;DOWN
2026-05-01 23:30:00;M5;60;55;4613,65299;4614,52000;UP
2026-05-01 23:05:00;M5;60;89;4620,10574;4610,19000;DOWN
2026-05-04 01:05:00;M5;60;34;4613,28452;4621,95000;UP
2026-05-04 02:05:00;M5;60;89;4622,43902;4615,39000;DOWN
2026-05-04 03:05:00;M5;60;55;4614,01974;4615,27000;UP
2026-05-04 04:05:00;M5;60;55;4613,85387;4599,07000;DOWN
2026-05-04 06:50:00;M5;60;55;4613,29948;4613,36000;UP
2026-05-04 07:05:00;M5;60;55;4613,00437;4610,73000;DOWN
2026-05-04 08:15:00;M5;60;21;4609,02105;4611,03000;UP
2026-05-04 09:05:00;M5;60;21;4604,24375;4596,91000;DOWN
2026-05-04 12:10:00;M5;60;21;4583,94108;4583,97000;UP
2026-05-04 13:05:00;M5;60;21;4576,54144;4547,35000;DOWN
2026-05-04 15:10:00;M5;60;21;4563,46606;4563,67000;UP
2026-05-04 17:15:00;M5;60;34;4570,66071;4572,92000;UP
2026-05-04 17:05:00;M5;60;21;4555,37310;4555,02000;DOWN
2026-05-04 18:05:00;M5;60;21;4548,69441;4557,90000;UP
2026-05-04 18:05:00;M5;60;34;4563,72201;4557,90000;DOWN
2026-05-04 19:05:00;M5;60;21;4539,02786;4510,82000;DOWN
2026-05-04 22:05:00;M5;60;21;4513,65636;4517,89000;UP
2026-05-04 23:55:00;M5;60;34;4521,67019;4523,08000;UP
2026-05-05 04:00:00;M5;60;55;4530,30435;4534,29000;UP
2026-05-05 08:30:00;M5;60;89;4544,08379;4547,05000;UP
2026-05-05 09:15:00;M5;60;89;4541,55616;4538,98000;DOWN
2026-05-05 10:05:00;M5;60;21;4540,65306;4552,25000;UP
2026-05-05 13:05:00;M5;60;21;4554,03443;4552,21000;DOWN
2026-05-05 14:40:00;M5;60;21;4557,07823;4563,40000;UP
2026-05-05 15:05:00;M5;60;21;4560,21040;4558,24000;DOWN
2026-05-05 16:05:00;M5;60;21;4564,93576;4576,22000;UP
2026-05-05 17:15:00;M5;60;21;4570,76315;4570,36000;DOWN
2026-05-05 18:05:00;M5;60;21;4574,92414;4580,22000;UP
2026-05-05 19:05:00;M5;60;34;4565,70553;4564,33000;DOWN
2026-05-06 01:55:00;M5;60;21;4567,35227;4573,38000;UP
2026-05-06 01:10:00;M5;60;55;4551,13177;4550,60000;DOWN
2026-05-06 02:05:00;M5;60;55;4554,72723;4579,50000;UP
2026-05-06 09:15:00;M5;60;21;4658,85080;4658,30000;DOWN
2026-05-06 10:45:00;M5;60;21;4672,38253;4675,29000;UP
2026-05-06 11:05:00;M5;60;21;4686,04825;4677,48000;DOWN
2026-05-06 12:15:00;M5;60;21;4698,42525;4699,88000;UP
2026-05-06 13:05:00;M5;60;21;4710,37156;4696,54000;DOWN
2026-05-06 14:05:00;M5;60;21;4718,04385;4720,15000;UP
2026-05-06 14:55:00;M5;60;34;4692,05802;4692,05000;DOWN
2026-05-06 15:05:00;M5;60;21;4720,84795;4682,57000;DOWN
2026-05-06 16:05:00;M5;60;55;4676,88235;4673,51000;DOWN
2026-05-06 17:05:00;M5;60;55;4685,39217;4708,02000;UP
2026-05-06 18:35:00;M5;60;55;4692,84456;4692,06000;DOWN
2026-05-06 22:20:00;M5;60;21;4698,49327;4699,75000;UP
2026-05-06 23:20:00;M5;60;21;4694,72740;4694,53000;DOWN
2026-05-07 01:05:00;M5;60;21;4692,76415;4694,42000;UP
2026-05-07 03:50:00;M5;60;89;4685,94823;4685,94000;DOWN
2026-05-07 04:05:00;M5;60;21;4694,04150;4697,52000;UP
2026-05-07 05:10:00;M5;60;34;4711,70687;4704,08000;DOWN
2026-05-07 06:55:00;M5;60;89;4700,69832;4699,08000;DOWN
2026-05-07 08:30:00;M5;60;21;4702,75080;4703,28000;UP
2026-05-07 09:15:00;M5;60;34;4708,99333;4709,80000;UP
2026-05-07 11:40:00;M5;60;55;4735,45888;4735,23000;DOWN
2026-05-07 12:40:00;M5;60;55;4736,88517;4737,73000;UP
2026-05-07 12:55:00;M5;60;21;4729,16508;4729,04000;DOWN
2026-05-07 13:10:00;M5;60;21;4734,22763;4734,86000;UP
2026-05-07 13:15:00;M5;60;89;4731,49492;4731,34000;DOWN
2026-05-07 14:55:00;M5;60;55;4740,16889;4742,78000;UP
2026-05-07 14:05:00;M5;60;21;4738,86945;4733,73000;DOWN
2026-05-07 15:10:00;M5;60;21;4744,09771;4744,14000;UP
2026-05-07 15:20:00;M5;60;89;4740,24900;4735,47000;DOWN
2026-05-07 16:20:00;M5;60;55;4744,10960;4744,74000;UP
2026-05-07 16:10:00;M5;60;34;4737,20107;4733,48000;DOWN
2026-05-07 17:20:00;M5;60;21;4754,47892;4757,24000;UP
2026-05-07 17:05:00;M5;60;89;4748,90062;4747,63000;DOWN
2026-05-07 18:05:00;M5;60;89;4752,74704;4758,82000;UP
2026-05-07 18:20:00;M5;60;55;4748,42258;4747,15000;DOWN
2026-05-07 19:05:00;M5;60;89;4755,91737;4717,60000;DOWN
2026-05-08 02:45:00;M5;60;21;4699,10945;4700,73000;UP
2026-05-08 04:15:00;M5;60;34;4715,12201;4717,52000;UP
2026-05-08 05:35:00;M5;60;34;4712,24802;4711,37000;DOWN
2026-05-08 06:05:00;M5;60;34;4710,41820;4717,76000;UP
2026-05-08 07:05:00;M5;60;55;4727,35841;4718,78000;DOWN
2026-05-08 08:45:00;M5;60;55;4726,19900;4728,71000;UP
2026-05-08 09:10:00;M5;60;55;4725,34500;4722,90000;DOWN
2026-05-08 10:20:00;M5;60;34;4708,01111;4706,26000;DOWN
2026-05-08 11:20:00;M5;60;21;4717,61315;4720,01000;UP
2026-05-08 12:05:00;M5;60;21;4718,64486;4716,02000;DOWN
2026-05-08 13:20:00;M5;60;21;4719,39761;4721,40000;UP
2026-05-08 14:45:00;M5;60;55;4719,45269;4717,64000;DOWN
2026-05-08 15:30:00;M5;60;21;4720,69501;4723,31000;UP
2026-05-08 15:05:00;M5;60;34;4711,84695;4709,79000;DOWN
2026-05-08 16:05:00;M5;60;34;4715,30585;4720,32000;UP
2026-05-08 16:05:00;M5;60;21;4724,38913;4720,32000;DOWN
2026-05-08 17:05:00;M5;60;21;4726,20562;4726,60000;UP
2026-05-08 17:05:00;M5;60;89;4744,28403;4726,60000;DOWN
2026-05-08 18:05:00;M5;60;21;4725,43628;4716,75000;DOWN
2026-05-08 20:50:00;M5;60;21;4721,67219;4721,96000;UP
2026-05-08 23:15:00;M5;60;55;4717,46343;4715,34000;DOWN
2026-05-11 04:20:00;M5;60;21;4696,81262;4703,07000;UP
2026-05-11 05:05:00;M5;60;21;4690,42224;4683,90000;DOWN
2026-05-11 06:05:00;M5;60;21;4684,42473;4686,23000;UP
2026-05-11 07:05:00;M5;60;21;4678,35943;4677,30000;DOWN
2026-05-11 08:05:00;M5;60;21;4670,49720;4672,42000;UP
2026-05-11 09:05:00;M5;60;21;4665,09791;4662,76000;DOWN
2026-05-11 10:05:00;M5;60;21;4661,11179;4674,54000;UP
2026-05-11 11:10:00;M5;60;34;4671,59475;4671,97000;UP
2026-05-11 12:15:00;M5;60;34;4666,91092;4664,82000;DOWN
2026-05-11 13:05:00;M5;60;21;4655,14722;4660,97000;UP
2026-05-11 15:20:00;M5;60;55;4673,65611;4692,40000;UP
2026-05-11 19:40:00;M5;60;21;4712,18012;4711,30000;DOWN
2026-05-11 20:30:00;M5;60;21;4721,73586;4722,89000;UP
2026-05-11 21:05:00;M5;60;21;4729,33472;4725,77000;DOWN
2026-05-11 23:00:00;M5;60;21;4735,94684;4737,04000;UP
2026-05-11 23:05:00;M5;60;21;4741,48899;4734,59000;DOWN
2026-05-12 01:45:00;M5;60;21;4747,03233;4752,01000;UP
2026-05-12 02:05:00;M5;60;21;4753,55153;4752,95000;DOWN
2026-05-12 03:05:00;M5;60;21;4758,01921;4768,34000;UP
2026-05-12 04:25:00;M5;60;34;4744,21959;4735,14000;DOWN
2026-05-12 06:45:00;M5;60;55;4721,68897;4720,49000;DOWN
2026-05-12 07:15:00;M5;60;55;4724,70147;4726,79000;UP
2026-05-12 09:00:00;M5;60;89;4710,89397;4706,68000;DOWN
2026-05-12 13:00:00;M5;60;21;4702,38092;4703,49000;UP
2026-05-12 13:30:00;M5;60;21;4696,17711;4695,32000;DOWN
2026-05-12 14:15:00;M5;60;21;4692,86444;4697,88000;UP
2026-05-12 16:10:00;M5;60;21;4689,07377;4688,90000;DOWN
2026-05-12 17:05:00;M5;60;21;4685,02712;4691,50000;UP
2026-05-12 18:05:00;M5;60;21;4679,38260;4672,86000;DOWN
2026-05-12 20:00:00;M5;60;21;4674,00417;4676,26000;UP
2026-05-12 21:05:00;M5;60;34;4677,74193;4680,12000;UP
2026-05-12 22:15:00;M5;60;55;4701,72627;4702,06000;UP
2026-05-13 04:55:00;M5;60;89;4704,37246;4702,52000;DOWN
2026-05-13 05:30:00;M5;60;55;4697,55477;4696,22000;DOWN
2026-05-13 06:25:00;M5;60;34;4695,80916;4700,55000;UP
2026-05-13 08:00:00;M5;60;89;4705,23546;4706,43000;UP
2026-05-13 07:05:00;M5;60;34;4696,93297;4696,60000;DOWN
2026-05-13 09:00:00;M5;60;21;4709,22215;4709,48000;UP
2026-05-13 08:05:00;M5;60;89;4705,24795;4704,45000;DOWN
2026-05-13 09:05:00;M5;60;89;4705,13202;4710,53000;UP
2026-05-13 09:50:00;M5;60;21;4707,19004;4702,57000;DOWN
2026-05-13 10:15:00;M5;60;21;4705,31029;4705,99000;UP
2026-05-13 10:05:00;M5;60;89;4704,92064;4698,58000;DOWN
2026-05-13 11:05:00;M5;60;21;4703,48589;4700,45000;DOWN
2026-05-13 12:10:00;M5;60;55;4695,00709;4694,51000;DOWN
2026-05-13 13:05:00;M5;60;21;4700,19654;4708,73000;UP
2026-05-13 14:05:00;M5;60;89;4702,97373;4694,33000;DOWN
2026-05-13 15:05:00;M5;60;21;4696,30024;4699,18000;UP
2026-05-13 16:05:00;M5;60;55;4694,35272;4686,40000;DOWN
2026-05-13 17:30:00;M5;60;21;4688,43783;4689,94000;UP
2026-05-13 18:30:00;M5;60;34;4694,25920;4695,29000;UP
2026-05-13 19:50:00;M5;60;89;4697,01370;4696,35000;DOWN
2026-05-13 20:05:00;M5;60;89;4695,75913;4699,53000;UP
2026-05-13 20:30:00;M5;60;55;4691,50213;4690,40000;DOWN
2026-05-13 21:05:00;M5;60;34;4689,42327;4690,65000;UP
2026-05-13 21:05:00;M5;60;89;4694,50052;4690,65000;DOWN
2026-05-13 22:05:00;M5;60;21;4683,97343;4686,53000;UP
2026-05-13 22:05:00;M5;60;55;4690,39376;4686,53000;DOWN
2026-05-13 23:05:00;M5;60;34;4687,24041;4689,08000;UP
2026-05-14 01:05:00;M5;60;89;4691,42179;4689,95000;DOWN
2026-05-14 02:05:00;M5;60;89;4690,82441;4701,00000;UP
2026-05-14 04:05:00;M5;60;89;4690,23412;4688,35000;DOWN
2026-05-14 05:30:00;M5;60;21;4694,20330;4697,92000;UP
2026-05-14 06:05:00;M5;60;89;4689,51943;4684,36000;DOWN
2026-05-14 07:25:00;M5;60;21;4691,91034;4702,34000;UP
2026-05-14 08:55:00;M5;60;21;4691,72273;4689,60000;DOWN
2026-05-14 09:30:00;M5;60;21;4692,70765;4694,05000;UP
2026-05-14 09:10:00;M5;60;89;4689,08999;4687,83000;DOWN
2026-05-14 10:05:00;M5;60;34;4690,29534;4699,09000;UP
2026-05-14 10:55:00;M5;60;21;4693,52306;4693,03000;DOWN
2026-05-14 11:05:00;M5;60;21;4693,68986;4697,42000;UP
2026-05-14 12:25:00;M5;60;34;4692,38238;4690,68000;DOWN
2026-05-14 13:05:00;M5;60;21;4695,08497;4698,45000;UP
2026-05-14 14:20:00;M5;60;34;4694,18424;4693,58000;DOWN
2026-05-14 15:10:00;M5;60;21;4697,48457;4703,78000;UP
2026-05-14 16:25:00;M5;60;89;4690,02034;4688,23000;DOWN
2026-05-14 17:15:00;M5;60;21;4694,40559;4694,60000;UP
2026-05-14 18:05:00;M5;60;89;4689,64816;4683,61000;DOWN
2026-05-15 01:50:00;M5;60;21;4662,08963;4662,40000;UP
2026-05-15 02:30:00;M5;60;21;4656,49112;4651,09000;DOWN
2026-05-15 03:05:00;M5;60;21;4649,61993;4650,70000;UP
2026-05-15 04:05:00;M5;60;21;4640,43106;4609,87000;DOWN
2026-05-15 07:05:00;M5;60;21;4612,69375;4621,41000;UP
2026-05-15 08:05:00;M5;60;21;4600,13267;4593,12000;DOWN
2026-05-15 10:05:00;M5;60;21;4574,81387;4575,97000;UP
2026-05-15 11:15:00;M5;60;21;4562,82868;4556,68000;DOWN
2026-05-15 12:05:00;M5;60;21;4551,79234;4554,81000;UP
2026-05-15 13:50:00;M5;60;34;4565,63447;4568,77000;UP
2026-05-15 14:35:00;M5;60;34;4556,67348;4554,17000;DOWN
2026-05-15 15:05:00;M5;60;34;4548,43893;4553,08000;UP
2026-05-15 16:05:00;M5;60;34;4540,53129;4538,23000;DOWN
2026-05-15 17:05:00;M5;60;21;4528,94420;4534,17000;UP
2026-05-15 18:05:00;M5;60;55;4556,17957;4558,70000;UP
2026-05-15 19:05:00;M5;60;55;4548,99458;4531,36000;DOWN
2026-05-15 20:05:00;M5;60;55;4542,78980;4554,60000;UP
2026-05-15 23:05:00;M5;60;21;4541,15875;4536,83000;DOWN
2026-05-18 01:05:00;M5;60;21;4542,11845;4552,86000;UP
2026-05-18 02:05:00;M5;60;21;4541,85580;4541,54000;DOWN
2026-05-18 03:20:00;M5;60;55;4517,48703;4517,39000;DOWN
2026-05-18 04:45:00;M5;60;34;4522,49372;4528,21000;UP
2026-05-18 05:10:00;M5;60;21;4531,34991;4536,58000;UP
2026-05-18 06:40:00;M5;60;89;4536,49922;4545,58000;UP
2026-05-18 06:10:00;M5;60;21;4529,71739;4529,51000;DOWN
2026-05-18 07:05:00;M5;60;21;4529,55630;4545,70000;UP
2026-05-18 13:30:00;M5;60;34;4533,31915;4532,77000;DOWN
2026-05-18 14:35:00;M5;60;21;4544,51531;4555,69000;UP
2026-05-18 15:15:00;M5;60;21;4549,12372;4547,37000;DOWN
2026-05-18 16:05:00;M5;60;21;4555,39776;4563,82000;UP
2026-05-18 17:45:00;M5;60;34;4546,30909;4543,14000;DOWN
2026-05-18 19:50:00;M5;60;34;4550,90403;4553,04000;UP
2026-05-18 20:30:00;M5;60;34;4552,11904;4548,93000;DOWN
2026-05-18 22:00:00;M5;60;34;4552,13625;4553,47000;UP
2026-05-18 22:05:00;M5;60;21;4553,56098;4557,12000;UP
2026-05-18 22:15:00;M5;60;34;4552,67662;4551,57000;DOWN
2026-05-18 23:05:00;M5;60;34;4553,99382;4558,76000;UP
2026-05-19 03:55:00;M5;60;21;4564,54342;4563,26000;DOWN
2026-05-19 04:35:00;M5;60;21;4567,09373;4568,28000;UP
2026-05-19 04:05:00;M5;60;34;4564,72629;4564,42000;DOWN
2026-05-19 05:50:00;M5;60;55;4551,39405;4550,60000;DOWN
2026-05-19 06:35:00;M5;60;55;4553,36494;4554,64000;UP
2026-05-19 07:05:00;M5;60;55;4554,63407;4542,25000;DOWN
2026-05-19 10:05:00;M5;60;21;4549,78445;4552,87000;UP
2026-05-19 11:05:00;M5;60;55;4555,72190;4544,31000;DOWN
2026-05-19 12:20:00;M5;60;21;4544,30141;4546,48000;UP
2026-05-19 13:05:00;M5;60;21;4542,29847;4540,20000;DOWN
2026-05-19 14:05:00;M5;60;21;4539,48401;4541,33000;UP
2026-05-19 16:00:00;M5;60;89;4529,14722;4523,46000;DOWN
2026-05-19 20:05:00;M5;60;21;4502,83196;4508,12000;UP
2026-05-19 21:25:00;M5;60;21;4497,19089;4496,00000;DOWN
2026-05-19 22:05:00;M5;60;21;4490,94550;4495,46000;UP
2026-05-19 23:30:00;M5;60;21;4484,74074;4484,01000;DOWN
2026-05-20 01:05:00;M5;60;21;4479,67599;4484,56000;UP
2026-05-20 02:15:00;M5;60;34;4487,97622;4488,19000;UP
2026-05-20 03:40:00;M5;60;55;4504,64550;4505,23000;UP
2026-05-20 03:05:00;M5;60;34;4484,37264;4484,13000;DOWN
2026-05-20 04:05:00;M5;60;34;4480,99709;4495,15000;UP
2026-05-20 04:05:00;M5;60;55;4500,06050;4495,15000;DOWN
2026-05-20 05:05:00;M5;60;21;4474,99762;4479,51000;UP
2026-05-20 05:30:00;M5;60;34;4477,05523;4470,45000;DOWN
2026-05-20 06:05:00;M5;60;21;4471,48910;4456,74000;DOWN
2026-05-20 07:05:00;M5;60;21;4467,17230;4467,63000;UP
2026-05-20 09:15:00;M5;60;55;4475,64860;4477,11000;UP
2026-05-20 12:50:00;M5;60;89;4487,57274;4489,41000;UP
2026-05-20 16:35:00;M5;60;21;4488,89602;4485,27000;DOWN
2026-05-20 17:15:00;M5;60;21;4496,41370;4498,37000;UP
2026-05-20 17:05:00;M5;60;89;4479,50897;4476,18000;DOWN
2026-05-20 18:05:00;M5;60;34;4484,50994;4526,40000;UP
2026-05-20 23:05:00;M5;60;21;4547,09765;4546,30000;DOWN
2026-05-21 02:20:00;M5;60;34;4538,21323;4537,22000;DOWN
2026-05-21 03:05:00;M5;60;34;4543,83057;4544,35000;UP
2026-05-21 04:10:00;M5;60;21;4559,71190;4559,86000;UP
2026-05-21 05:10:00;M5;60;34;4553,24691;4551,74000;DOWN
2026-05-21 08:05:00;M5;60;55;4533,74936;4531,63000;DOWN
2026-05-21 11:10:00;M5;60;21;4531,19727;4534,22000;UP
2026-05-21 13:35:00;M5;60;89;4512,67267;4508,81000;DOWN
2026-05-21 14:05:00;M5;60;89;4513,94521;4516,73000;UP
2026-05-21 15:05:00;M5;60;21;4515,05646;4517,99000;UP
2026-05-21 15:10:00;M5;60;89;4514,95496;4514,64000;DOWN
2026-05-21 16:50:00;M5;60;89;4515,84796;4517,99000;UP
2026-05-21 16:05:00;M5;60;21;4511,29389;4504,74000;DOWN
2026-05-21 17:35:00;M5;60;21;4508,29715;4508,72000;UP
2026-05-21 17:05:00;M5;60;89;4516,59788;4505,11000;DOWN
2026-05-21 18:05:00;M5;60;21;4506,40918;4501,56000;DOWN
2026-05-21 19:05:00;M5;60;21;4506,28701;4519,79000;UP
2026-05-21 20:20:00;M5;60;55;4535,25226;4536,73000;UP
2026-05-21 20:05:00;M5;60;89;4519,11252;4517,96000;DOWN
2026-05-21 21:05:00;M5;60;89;4520,38797;4548,75000;UP
2026-05-21 21:50:00;M5;60;55;4534,58530;4527,72000;DOWN
2026-05-21 22:05:00;M5;60;55;4534,38818;4536,63000;UP
2026-05-22 02:40:00;M5;60;55;4535,20646;4533,39000;DOWN
2026-05-22 03:25:00;M5;60;55;4535,16053;4536,25000;UP
2026-05-22 03:50:00;M5;60;89;4529,13400;4529,10000;DOWN
2026-05-22 04:10:00;M5;60;34;4529,22489;4529,69000;UP
2026-05-22 04:05:00;M5;60;55;4534,77658;4525,35000;DOWN
2026-05-22 05:05:00;M5;60;89;4531,85916;4525,98000;DOWN
2026-05-22 07:25:00;M5;60;34;4530,70598;4532,22000;UP
2026-05-22 08:35:00;M5;60;21;4530,25622;4533,69000;UP
2026-05-22 08:05:00;M5;60;34;4530,26743;4526,54000;DOWN
2026-05-22 09:05:00;M5;60;89;4534,37697;4522,74000;DOWN
2026-05-22 10:05:00;M5;60;21;4523,81861;4525,35000;UP
2026-05-22 11:30:00;M5;60;21;4521,49092;4519,99000;DOWN
2026-05-22 12:05:00;M5;60;21;4521,17352;4522,15000;UP
2026-05-22 13:05:00;M5;60;89;4534,10067;4535,53000;UP
2026-05-22 13:25:00;M5;60;55;4527,28835;4524,74000;DOWN
2026-05-22 14:40:00;M5;60;21;4519,44784;4521,67000;UP
2026-05-22 14:05:00;M5;60;89;4533,73340;4516,38000;DOWN
2026-05-22 15:10:00;M5;60;34;4524,86201;4529,24000;UP
2026-05-22 15:30:00;M5;60;21;4519,72756;4518,11000;DOWN
2026-05-22 16:05:00;M5;60;21;4519,05664;4531,72000;UP
2026-05-22 16:20:00;M5;60;55;4525,54594;4523,49000;DOWN
2026-05-22 17:05:00;M5;60;21;4516,63293;4510,02000;DOWN
2026-05-22 18:15:00;M5;60;21;4515,20196;4515,84000;UP
2026-05-22 19:25:00;M5;60;55;4522,26958;4523,71000;UP
2026-05-22 19:15:00;M5;60;34;4517,20328;4517,07000;DOWN
2026-05-22 20:05:00;M5;60;21;4513,52371;4519,98000;UP
2026-05-22 20:05:00;M5;60;55;4521,29630;4519,98000;DOWN
2026-05-22 21:10:00;M5;60;34;4515,07261;4513,79000;DOWN
2026-05-25 01:05:00;M5;60;21;4515,68685;4554,14000;UP
2026-05-25 06:05:00;M5;60;21;4563,80766;4563,16000;DOWN
2026-05-25 08:55:00;M5;60;34;4553,49949;4553,33000;DOWN
2026-05-25 09:45:00;M5;60;34;4557,62368;4557,66000;UP
2026-05-25 10:10:00;M5;60;34;4561,56716;4560,76000;DOWN
2026-05-25 13:00:00;M5;60;34;4567,74338;4569,00000;UP
2026-05-25 13:10:00;M5;60;21;4571,31276;4571,83000;UP
2026-05-25 13:40:00;M5;60;34;4570,58401;4570,25000;DOWN
2026-05-25 14:15:00;M5;60;34;4573,10816;4574,83000;UP
2026-05-25 14:05:00;M5;60;21;4570,87860;4568,27000;DOWN
2026-05-25 15:05:00;M5;60;55;4560,71624;4560,35000;DOWN
2026-05-25 16:05:00;M5;60;55;4563,33766;4568,44000;UP
2026-05-25 17:20:00;M5;60;21;4569,79585;4570,08000;UP
2026-05-25 18:05:00;M5;60;55;4568,18114;4566,72000;DOWN
2026-05-25 19:10:00;M5;60;21;4570,47225;4570,60000;UP
2026-05-25 20:20:00;M5;60;55;4572,51932;4571,35000;DOWN
2026-05-26 01:05:00;M5;60;21;4571,57807;4572,59000;UP
2026-05-26 02:05:00;M5;60;34;4575,82281;4576,29000;UP
2026-05-26 02:30:00;M5;60;89;4563,10143;4560,86000;DOWN
2026-05-26 03:05:00;M5;60;34;4574,09742;4549,60000;DOWN
2026-05-26 09:05:00;M5;60;21;4529,41020;4530,96000;UP
2026-05-26 10:35:00;M5;60;21;4525,75874;4523,16000;DOWN
2026-05-26 11:05:00;M5;60;21;4522,59854;4533,11000;UP
2026-05-26 12:30:00;M5;60;21;4520,02129;4518,10000;DOWN
2026-05-26 13:05:00;M5;60;21;4519,34839;4525,40000;UP
2026-05-26 14:25:00;M5;60;34;4525,30711;4523,76000;DOWN
2026-05-26 15:45:00;M5;60;21;4515,66054;4519,78000;UP
2026-05-26 16:50:00;M5;60;34;4517,89564;4515,84000;DOWN
2026-05-26 17:05:00;M5;60;34;4514,63750;4515,49000;UP
2026-05-26 17:10:00;M5;60;21;4512,34250;4511,03000;DOWN
2026-05-26 18:05:00;M5;60;21;4510,35765;4510,58000;UP
2026-05-26 18:05:00;M5;60;34;4511,34952;4510,58000;DOWN
2026-05-26 19:30:00;M5;60;34;4508,32204;4509,70000;UP
2026-05-26 19:05:00;M5;60;21;4507,79969;4503,01000;DOWN
2026-05-26 20:05:00;M5;60;21;4503,66668;4504,35000;UP
2026-05-26 20:05:00;M5;60;34;4504,79678;4504,35000;DOWN
2026-05-26 21:05:00;M5;60;21;4499,84334;4488,88000;DOWN
2026-05-26 22:05:00;M5;60;21;4497,77483;4500,50000;UP
2026-05-27 01:15:00;M5;60;55;4506,65733;4506,79000;UP
2026-05-27 05:05:00;M5;60;21;4506,97519;4503,47000;DOWN
2026-05-27 06:05:00;M5;60;21;4506,77628;4509,25000;UP
2026-05-27 06:55:00;M5;60;55;4497,77668;4497,12000;DOWN
2026-05-27 07:05:00;M5;60;34;4499,49892;4501,65000;UP
2026-05-27 07:05:00;M5;60;21;4507,03513;4501,65000;DOWN
2026-05-27 08:05:00;M5;60;21;4506,18418;4511,03000;UP
2026-05-27 08:40:00;M5;60;55;4495,50082;4493,34000;DOWN
2026-05-27 09:05:00;M5;60;55;4494,01324;4497,66000;UP
2026-05-27 09:05:00;M5;60;21;4503,17009;4497,66000;DOWN
2026-05-27 10:05:00;M5;60;55;4492,22277;4484,73000;DOWN
2026-05-27 11:40:00;M5;60;21;4494,79188;4496,12000;UP
2026-05-27 12:40:00;M5;60;55;4489,21266;4488,60000;DOWN
2026-05-27 13:05:00;M5;60;21;4484,13319;4487,10000;UP
2026-05-27 14:05:00;M5;60;55;4482,73678;4449,51000;DOWN
2026-05-27 17:05:00;M5;60;21;4436,34137;4444,15000;UP
2026-05-27 19:25:00;M5;60;34;4444,19525;4446,77000;UP
2026-05-27 20:50:00;M5;60;55;4452,28615;4452,86000;UP
2026-05-27 21:05:00;M5;60;55;4448,73944;4448,06000;DOWN
2026-05-27 22:05:00;M5;60;55;4445,74505;4452,70000;UP
2026-05-28 01:05:00;M5;60;89;4455,92545;4458,72000;UP
2026-05-28 02:05:00;M5;60;89;4453,10958;4452,74000;DOWN
2026-05-28 03:15:00;M5;60;89;4450,60328;4452,24000;UP
2026-05-28 03:10:00;M5;60;21;4447,90600;4444,67000;DOWN
2026-05-28 04:05:00;M5;60;89;4447,72750;4444,44000;DOWN
2026-05-28 10:00:00;M5;60;21;4386,59883;4387,47000;UP
2026-05-28 11:05:00;M5;60;34;4389,55747;4393,58000;UP
2026-05-28 12:20:00;M5;60;55;4391,63359;4395,36000;UP
2026-05-28 13:45:00;M5;60;55;4387,24327;4380,75000;DOWN
2026-05-28 14:05:00;M5;60;34;4377,99384;4386,84000;UP
2026-05-28 15:35:00;M5;60;89;4397,22505;4398,83000;UP
2026-05-28 15:20:00;M5;60;55;4381,24653;4381,24000;DOWN
2026-05-28 16:05:00;M5;60;55;4380,47875;4426,31000;UP
2026-05-28 22:05:00;M5;60;21;4506,38169;4498,96000;DOWN
2026-05-29 03:05:00;M5;60;34;4497,14669;4494,75000;DOWN
2026-05-29 04:05:00;M5;60;34;4505,19955;4508,81000;UP
2026-05-29 05:05:00;M5;60;34;4512,10723;4505,79000;DOWN
2026-05-29 09:00:00;M5;60;21;4516,29587;4519,08000;UP
2026-05-29 09:05:00;M5;60;21;4517,52511;4514,25000;DOWN
2026-05-29 10:30:00;M5;60;21;4520,01668;4520,67000;UP
2026-05-29 11:05:00;M5;60;21;4521,77809;4515,93000;DOWN
2026-05-29 12:10:00;M5;60;21;4524,48457;4529,01000;UP
2026-05-29 13:05:00;M5;60;34;4538,62039;4526,41000;DOWN
2026-05-29 14:50:00;M5;60;21;4532,65042;4533,77000;UP
2026-05-29 14:30:00;M5;60;55;4527,38135;4527,06000;DOWN
2026-05-29 15:05:00;M5;60;21;4535,35129;4530,14000;DOWN
2026-05-29 16:50:00;M5;60;21;4537,78527;4538,53000;UP
2026-05-29 17:15:00;M5;60;55;4543,50194;4537,87000;DOWN
2026-05-29 18:05:00;M5;60;21;4549,74728;4588,04000;UP
2026-05-29 20:35:00;M5;60;55;4558,93118;4558,67000;DOWN
2026-06-01 01:05:00;M5;60;89;4530,24627;4525,91000;DOWN
2026-06-01 02:05:00;M5;60;89;4535,01535;4541,44000;UP
2026-06-01 03:15:00;M5;60;89;4539,42321;4538,43000;DOWN
2026-06-01 08:15:00;M5;60;21;4518,70987;4521,45000;UP
2026-06-01 09:15:00;M5;60;21;4512,87080;4511,06000;DOWN
2026-06-01 12:05:00;M5;60;21;4497,01826;4499,58000;UP
2026-06-01 14:05:00;M5;60;34;4505,07497;4505,66000;UP
2026-06-01 15:30:00;M5;60;34;4501,24308;4501,00000;DOWN
2026-06-01 16:05:00;M5;60;34;4495,36307;4501,09000;UP
2026-06-01 16:10:00;M5;60;21;4486,93593;4484,09000;DOWN
2026-06-01 17:05:00;M5;60;34;4488,53414;4460,39000;DOWN
2026-06-01 18:30:00;M5;60;21;4472,68928;4477,10000;UP
2026-06-01 19:50:00;M5;60;34;4476,57077;4479,91000;UP
2026-06-01 19:10:00;M5;60;21;4468,29528;4467,17000;DOWN
2026-06-01 20:05:00;M5;60;21;4467,33165;4473,42000;UP
2026-06-02 01:10:00;M5;60;55;4482,92148;4484,44000;UP
2026-06-02 04:50:00;M5;60;55;4474,78289;4473,74000;DOWN
2026-06-02 05:15:00;M5;60;21;4480,83975;4480,94000;UP
2026-06-02 07:35:00;M5;60;89;4507,73818;4508,88000;UP
2026-06-02 12:05:00;M5;60;21;4530,95997;4528,96000;DOWN
2026-06-02 15:35:00;M5;60;34;4525,43649;4524,78000;DOWN
2026-06-02 16:50:00;M5;60;89;4505,09822;4504,73000;DOWN
2026-06-02 17:05:00;M5;60;55;4504,08833;4502,88000;DOWN
2026-06-02 18:05:00;M5;60;55;4505,99804;4506,69000;UP
2026-06-02 19:05:00;M5;60;89;4503,95431;4502,03000;DOWN
2026-06-02 23:05:00;M5;60;21;4486,06103;4488,01000;UP
2026-06-03 02:10:00;M5;60;21;4477,59838;4477,18000;DOWN
2026-06-03 03:05:00;M5;60;21;4475,23490;4476,56000;UP
2026-06-03 04:05:00;M5;60;89;4494,08664;4474,36000;DOWN
2026-06-03 05:05:00;M5;60;21;4472,33405;4478,73000;UP
2026-06-03 07:25:00;M5;60;34;4477,85520;4477,04000;DOWN
2026-06-03 08:05:00;M5;60;21;4469,93304;4470,56000;UP
2026-06-03 09:05:00;M5;60;21;4466,90414;4465,12000;DOWN
2026-06-03 10:05:00;M5;60;21;4462,77188;4468,77000;UP
2026-06-03 11:05:00;M5;60;34;4461,18656;4455,13000;DOWN
2026-06-03 12:05:00;M5;60;21;4452,06067;4456,84000;UP
2026-06-03 16:05:00;M5;60;55;4460,22278;4462,74000;UP
2026-06-03 16:40:00;M5;60;34;4447,13839;4427,54000;DOWN
2026-06-03 17:05:00;M5;60;21;4446,56871;4450,46000;UP
2026-06-03 17:05:00;M5;60;55;4457,07088;4450,46000;DOWN
2026-06-03 18:20:00;M5;60;34;4444,58155;4443,03000;DOWN
2026-06-03 20:00:00;M5;60;34;4442,81786;4444,59000;UP
2026-06-03 20:05:00;M5;60;21;4443,09749;4446,94000;UP
2026-06-03 20:25:00;M5;60;34;4440,83848;4438,92000;DOWN
2026-06-03 21:25:00;M5;60;34;4439,07617;4440,06000;UP
2026-06-03 21:05:00;M5;60;21;4441,59585;4437,40000;DOWN
2026-06-03 22:05:00;M5;60;21;4440,57205;4447,76000;UP
2026-06-03 23:00:00;M5;60;55;4442,46358;4442,03000;DOWN
2026-06-03 23:05:00;M5;60;55;4439,87431;4441,26000;UP
2026-06-03 23:30:00;M5;60;34;4436,12063;4433,83000;DOWN
2026-06-04 01:30:00;M5;60;21;4438,03849;4439,78000;UP
2026-06-04 01:05:00;M5;60;55;4437,74084;4434,90000;DOWN
2026-06-04 02:05:00;M5;60;55;4436,28149;4448,21000;UP
2026-06-04 03:20:00;M5;60;89;4450,35737;4449,97000;DOWN
2026-06-04 04:05:00;M5;60;89;4448,66281;4459,52000;UP
2026-06-04 08:45:00;M5;60;21;4468,51839;4467,43000;DOWN
2026-06-04 09:05:00;M5;60;21;4472,31650;4475,99000;UP
2026-06-04 10:05:00;M5;60;21;4474,20517;4465,75000;DOWN
2026-06-04 11:10:00;M5;60;34;4462,61720;4460,70000;DOWN
2026-06-04 12:50:00;M5;60;21;4474,49109;4474,95000;UP
2026-06-04 13:20:00;M5;60;34;4467,28266;4466,97000;DOWN
2026-06-04 14:25:00;M5;60;21;4479,26579;4489,56000;UP
2026-06-04 17:50:00;M5;60;55;4465,60280;4464,10000;DOWN
2026-06-04 18:05:00;M5;60;55;4468,90687;4470,27000;UP
2026-06-04 21:30:00;M5;60;55;4476,77018;4473,72000;DOWN
2026-06-04 22:15:00;M5;60;55;4478,73059;4478,75000;UP
2026-06-04 23:05:00;M5;60;55;4480,40027;4479,34000;DOWN
2026-06-05 02:55:00;M5;60;89;4462,30027;4461,74000;DOWN
2026-06-05 03:35:00;M5;60;89;4463,02066;4464,24000;UP
2026-06-05 04:10:00;M5;60;89;4463,39085;4459,92000;DOWN
2026-06-05 08:00:00;M5;60;21;4445,70921;4447,60000;UP
2026-06-05 08:55:00;M5;60;21;4440,58690;4439,93000;DOWN
2026-06-05 09:05:00;M5;60;21;4437,88035;4440,29000;UP
2026-06-05 10:25:00;M5;60;55;4466,90311;4467,13000;UP
2026-06-05 11:05:00;M5;60;55;4464,93959;4460,74000;DOWN
2026-06-05 12:10:00;M5;60;55;4463,45414;4465,92000;UP
2026-06-05 14:10:00;M5;60;55;4461,75500;4461,35000;DOWN
2026-06-05 15:05:00;M5;60;55;4459,69023;4467,88000;UP
2026-06-05 15:30:00;M5;60;89;4459,94656;4453,19000;DOWN
2026-06-05 16:05:00;M5;60;55;4455,29998;4416,36000;DOWN
2026-06-05 23:05:00;M5;60;21;4309,91584;4313,95000;UP
2026-06-08 02:10:00;M5;60;34;4328,17792;4330,75000;UP
2026-06-08 08:30:00;M5;60;34;4289,96663;4286,93000;DOWN
2026-06-08 09:05:00;M5;60;21;4300,57372;4302,42000;UP
2026-06-08 10:10:00;M5;60;55;4301,28288;4305,22000;UP
2026-06-08 10:50:00;M5;60;21;4297,57709;4296,54000;DOWN
2026-06-08 11:05:00;M5;60;21;4293,69865;4294,57000;UP
2026-06-08 11:10:00;M5;60;55;4294,17955;4291,75000;DOWN
2026-06-08 12:10:00;M5;60;55;4287,55806;4288,92000;UP
2026-06-08 12:30:00;M5;60;34;4277,95208;4273,85000;DOWN
2026-06-08 13:05:00;M5;60;21;4288,03330;4294,90000;UP
2026-06-08 14:15:00;M5;60;89;4321,58922;4326,98000;UP
2026-06-08 20:20:00;M5;60;21;4335,60228;4335,55000;DOWN
2026-06-08 21:05:00;M5;60;21;4340,93310;4343,51000;UP
2026-06-08 22:05:00;M5;60;21;4343,32822;4332,51000;DOWN
2026-06-09 01:05:00;M5;60;34;4327,27973;4326,86000;DOWN
2026-06-09 04:25:00;M5;60;21;4332,37128;4335,29000;UP
2026-06-09 05:05:00;M5;60;34;4333,85020;4331,03000;DOWN
2026-06-09 06:05:00;M5;60;21;4331,12812;4338,34000;UP
2026-06-09 07:10:00;M5;60;34;4336,36175;4332,25000;DOWN
2026-06-09 08:15:00;M5;60;21;4332,77666;4333,41000;UP
2026-06-09 09:30:00;M5;60;34;4337,88763;4333,72000;DOWN
2026-06-09 11:25:00;M5;60;21;4333,01126;4334,35000;UP
2026-06-09 12:05:00;M5;60;21;4332,55788;4330,07000;DOWN
2026-06-09 13:10:00;M5;60;21;4333,11178;4335,34000;UP
2026-06-09 15:25:00;M5;60;34;4336,19546;4335,84000;DOWN
2026-06-09 16:05:00;M5;60;34;4336,47218;4341,39000;UP
2026-06-09 16:25:00;M5;60;55;4331,51129;4330,84000;DOWN
2026-06-09 17:40:00;M5;60;89;4295,01110;4284,94000;DOWN
2026-06-09 23:10:00;M5;60;21;4257,63380;4258,41000;UP
2026-06-10 01:45:00;M5;60;21;4247,18155;4239,11000;DOWN
2026-06-10 02:05:00;M5;60;21;4235,75520;4241,69000;UP
2026-06-10 03:25:00;M5;60;21;4224,76612;4217,91000;DOWN
2026-06-10 04:15:00;M5;60;21;4212,27295;4213,18000;UP
2026-06-10 05:05:00;M5;60;21;4198,67235;4181,15000;DOWN
2026-06-10 07:05:00;M5;60;21;4175,33999;4184,29000;UP
2026-06-10 08:30:00;M5;60;34;4189,57099;4191,04000;UP
2026-06-10 11:00:00;M5;60;34;4175,01682;4164,18000;DOWN
2026-06-10 11:05:00;M5;60;21;4165,17064;4167,38000;UP
2026-06-10 13:05:00;M5;60;21;4161,79370;4159,60000;DOWN
2026-06-10 14:05:00;M5;60;21;4158,80775;4161,34000;UP
2026-06-10 14:55:00;M5;60;34;4152,94684;4147,55000;DOWN
2026-06-10 15:30:00;M5;60;34;4147,34447;4162,37000;UP
2026-06-10 15:05:00;M5;60;21;4154,81225;4145,01000;DOWN
2026-06-10 16:05:00;M5;60;21;4153,64690;4153,99000;UP
2026-06-10 16:15:00;M5;60;34;4143,89799;4135,65000;DOWN
2026-06-10 17:05:00;M5;60;34;4139,34349;4173,42000;UP
2026-06-10 17:40:00;M5;60;55;4154,35837;4149,94000;DOWN
2026-06-10 18:05:00;M5;60;34;4134,51039;4126,55000;DOWN
2026-06-10 19:05:00;M5;60;34;4129,52128;4130,08000;UP
2026-06-10 20:05:00;M5;60;34;4124,01939;4120,12000;DOWN
2026-06-10 21:10:00;M5;60;21;4115,60123;4115,89000;UP
2026-06-10 22:05:00;M5;60;21;4104,75411;4094,86000;DOWN
2026-06-11 03:10:00;M5;60;21;4051,97144;4052,20000;UP
2026-06-11 04:35:00;M5;60;89;4113,57992;4114,80000;UP
2026-06-11 05:05:00;M5;60;89;4104,97080;4094,70000;DOWN
2026-06-11 06:05:00;M5;60;34;4054,87845;4076,44000;UP
2026-06-11 08:30:00;M5;60;89;4082,02212;4095,10000;UP
2026-06-11 12:05:00;M5;60;21;4087,37052;4080,90000;DOWN
2026-06-11 13:10:00;M5;60;21;4091,07436;4092,09000;UP
2026-06-11 14:05:00;M5;60;21;4092,05195;4091,24000;DOWN
2026-06-11 15:30:00;M5;60;34;4068,38984;4062,55000;DOWN
2026-06-11 16:05:00;M5;60;34;4070,97110;4085,59000;UP
2026-06-11 17:05:00;M5;60;34;4072,93576;4062,54000;DOWN
2026-06-11 18:40:00;M5;60;21;4086,53913;4088,09000;UP
2026-06-11 20:00:00;M5;60;34;4077,14153;4074,74000;DOWN
2026-06-11 20:25:00;M5;60;21;4090,23783;4101,89000;UP
2026-06-12 03:05:00;M5;60;21;4221,41094;4217,10000;DOWN
2026-06-12 04:25:00;M5;60;34;4186,41507;4180,91000;DOWN
2026-06-12 05:05:00;M5;60;34;4197,12176;4197,37000;UP
2026-06-12 06:05:00;M5;60;34;4205,79639;4192,71000;DOWN
2026-06-12 09:45:00;M5;60;55;4176,26033;4176,25000;DOWN
2026-06-12 10:40:00;M5;60;55;4182,93115;4182,97000;UP
2026-06-12 11:15:00;M5;60;21;4205,06131;4218,06000;UP
2026-06-12 14:00:00;M5;60;21;4206,43812;4206,11000;DOWN
2026-06-12 14:20:00;M5;60;21;4208,16341;4209,71000;UP
2026-06-12 14:05:00;M5;60;55;4209,68127;4207,63000;DOWN
2026-06-12 15:20:00;M5;60;21;4207,68485;4203,53000;DOWN
2026-06-12 16:35:00;M5;60;21;4205,14538;4207,26000;UP
2026-06-12 17:05:00;M5;60;21;4203,63770;4198,17000;DOWN
2026-06-12 18:05:00;M5;60;21;4204,06865;4208,61000;UP
2026-06-12 19:05:00;M5;60;55;4229,27476;4213,25000;DOWN
2026-06-12 20:05:00;M5;60;34;4217,85327;4220,70000;UP
2026-06-12 21:55:00;M5;60;34;4218,21369;4215,61000;DOWN
2026-06-12 22:20:00;M5;60;21;4213,81246;4210,34000;DOWN
2026-06-12 23:50:00;M5;60;21;4215,60459;4216,91000;UP
2026-06-15 01:05:00;M5;60;34;4223,31242;4306,58000;UP
2026-06-15 07:05:00;M5;60;21;4328,07463;4324,15000;DOWN
2026-06-15 09:05:00;M5;60;34;4312,55453;4305,12000;DOWN
2026-06-15 10:50:00;M5;60;34;4321,35144;4323,06000;UP
2026-06-15 11:05:00;M5;60;34;4329,68363;4328,95000;DOWN
2026-06-15 12:05:00;M5;60;34;4337,49033;4340,17000;UP
2026-06-15 13:05:00;M5;60;34;4344,70848;4338,03000;DOWN
2026-06-15 15:05:00;M5;60;55;4336,02744;4334,58000;DOWN
2026-06-15 16:15:00;M5;60;21;4352,43168;4352,86000;UP
2026-06-15 17:05:00;M5;60;34;4366,02835;4365,90000;DOWN
2026-06-15 18:05:00;M5;60;55;4355,35404;4354,53000;DOWN
2026-06-15 19:40:00;M5;60;89;4336,99340;4336,17000;DOWN
2026-06-16 03:55:00;M5;60;21;4316,80501;4319,14000;UP
2026-06-16 05:00:00;M5;60;21;4312,37100;4310,34000;DOWN
2026-06-16 05:05:00;M5;60;21;4309,65532;4311,44000;UP
2026-06-16 06:40:00;M5;60;34;4329,31724;4331,87000;UP
2026-06-16 07:15:00;M5;60;34;4326,30162;4326,22000;DOWN
2026-06-16 08:05:00;M5;60;34;4323,34143;4328,32000;UP
2026-06-16 09:05:00;M5;60;34;4320,95393;4317,07000;DOWN
2026-06-16 10:05:00;M5;60;34;4319,68922;4326,72000;UP
2026-06-16 12:50:00;M5;60;55;4348,11357;4348,15000;UP
2026-06-16 13:05:00;M5;60;55;4347,45603;4345,60000;DOWN
2026-06-16 14:05:00;M5;60;21;4341,16942;4340,46000;DOWN
2026-06-16 15:35:00;M5;60;21;4346,19032;4346,88000;UP
2026-06-16 16:05:00;M5;60;55;4346,51369;4343,13000;DOWN
2026-06-16 18:50:00;M5;60;34;4337,41266;4337,92000;UP
2026-06-16 19:10:00;M5;60;21;4344,38329;4345,90000;UP
2026-06-16 20:05:00;M5;60;55;4342,86754;4339,75000;DOWN
2026-06-16 21:10:00;M5;60;34;4340,67246;4341,69000;UP
2026-06-16 22:05:00;M5;60;21;4340,25759;4340,96000;UP
2026-06-16 22:05:00;M5;60;34;4341,37358;4340,96000;DOWN
2026-06-16 23:05:00;M5;60;21;4337,99410;4332,22000;DOWN
2026-06-17 02:05:00;M5;60;21;4334,41928;4335,85000;UP
2026-06-17 04:00:00;M5;60;34;4340,08834;4341,79000;UP
2026-06-17 04:30:00;M5;60;55;4339,78235;4339,10000;DOWN
2026-06-17 05:05:00;M5;60;34;4339,01141;4341,76000;UP
2026-06-17 05:50:00;M5;60;21;4334,24047;4330,06000;DOWN
2026-06-17 06:05:00;M5;60;55;4339,45664;4332,60000;DOWN
2026-06-17 08:45:00;M5;60;21;4330,96991;4331,80000;UP
2026-06-17 09:05:00;M5;60;21;4329,98742;4327,59000;DOWN
2026-06-17 10:05:00;M5;60;21;4328,81241;4330,63000;UP
2026-06-17 11:05:00;M5;60;21;4327,51250;4327,10000;DOWN
2026-06-17 12:15:00;M5;60;21;4326,67930;4326,69000;UP
2026-06-17 13:15:00;M5;60;34;4328,90198;4327,98000;DOWN
2026-06-17 14:05:00;M5;60;34;4327,88122;4328,29000;UP
2026-06-17 14:30:00;M5;60;21;4325,65406;4325,60000;DOWN
2026-06-17 15:20:00;M5;60;21;4325,95271;4326,85000;UP
2026-06-17 15:05:00;M5;60;34;4327,38125;4322,90000;DOWN
2026-06-17 16:10:00;M5;60;34;4327,64612;4331,83000;UP
2026-06-17 16:05:00;M5;60;55;4332,12249;4327,56000;DOWN
2026-06-17 17:05:00;M5;60;21;4330,59374;4342,56000;UP
2026-06-17 18:05:00;M5;60;89;4346,82250;4344,77000;DOWN
2026-06-17 19:05:00;M5;60;89;4346,80046;4362,54000;UP
2026-06-17 21:00:00;M5;60;89;4347,36795;4316,70000;DOWN
2026-06-18 03:00:00;M5;60;21;4284,86343;4292,20000;UP
2026-06-18 03:30:00;M5;60;34;4300,52870;4306,65000;UP
2026-06-18 05:10:00;M5;60;89;4326,50765;4327,05000;UP
2026-06-18 06:05:00;M5;60;89;4323,92109;4312,70000;DOWN
2026-06-18 08:15:00;M5;60;89;4319,96921;4321,34000;UP
2026-06-18 08:45:00;M5;60;55;4304,33872;4302,97000;DOWN
2026-06-18 09:25:00;M5;60;55;4303,57065;4305,04000;UP
2026-06-18 09:05:00;M5;60;89;4318,31699;4301,21000;DOWN
2026-06-18 10:05:00;M5;60;21;4303,91442;4304,99000;UP
2026-06-18 10:30:00;M5;60;55;4302,27838;4298,43000;DOWN
2026-06-18 11:05:00;M5;60;21;4302,04041;4291,24000;DOWN
2026-06-18 16:10:00;M5;60;21;4254,68661;4259,21000;UP
2026-06-18 17:05:00;M5;60;34;4261,47161;4243,59000;DOWN
2026-06-18 18:05:00;M5;60;21;4239,66290;4253,35000;UP
2026-06-18 19:10:00;M5;60;21;4231,04603;4227,35000;DOWN
2026-06-18 20:05:00;M5;60;21;4223,90398;4224,90000;UP
2026-06-18 22:00:00;M5;60;21;4217,60431;4212,44000;DOWN
2026-06-18 22:40:00;M5;60;21;4212,62674;4213,99000;UP
2026-06-19 01:20:00;M5;60;21;4203,90747;4202,97000;DOWN
2026-06-19 02:05:00;M5;60;21;4198,33213;4200,16000;UP
2026-06-19 03:05:00;M5;60;21;4192,46612;4185,98000;DOWN
2026-06-19 04:20:00;M5;60;21;4186,63518;4186,95000;UP
2026-06-19 05:10:00;M5;60;21;4180,71804;4179,90000;DOWN
2026-06-19 09:05:00;M5;60;21;4139,99819;4143,42000;UP
2026-06-19 11:05:00;M5;60;55;4157,02155;4164,09000;UP
2026-06-19 15:50:00;M5;60;89;4168,23639;4172,99000;UP
2026-06-19 16:30:00;M5;60;89;4163,16811;4162,77000;DOWN
2026-06-19 17:05:00;M5;60;21;4150,41931;4150,15000;DOWN
2026-06-19 18:20:00;M5;60;21;4152,19769;4153,18000;UP
2026-06-19 19:30:00;M5;60;89;4149,42761;4149,58000;UP
2026-06-19 19:05:00;M5;60;21;4153,00977;4145,98000;DOWN
2026-06-22 01:05:00;M5;60;21;4153,61146;4154,43000;UP
2026-06-22 02:45:00;M5;60;89;4141,55013;4137,13000;DOWN
2026-06-22 03:10:00;M5;60;21;4156,49032;4161,04000;UP
2026-06-22 06:15:00;M5;60;21;4176,52881;4176,14000;DOWN
2026-06-22 07:55:00;M5;60;21;4180,68792;4181,79000;UP
2026-06-22 08:05:00;M5;60;21;4185,22133;4183,68000;DOWN
2026-06-22 09:05:00;M5;60;21;4190,24805;4196,59000;UP
2026-06-22 10:40:00;M5;60;21;4194,55133;4194,34000;DOWN
2026-06-22 12:00:00;M5;60;21;4198,33697;4202,17000;UP
2026-06-22 13:45:00;M5;60;21;4205,39670;4205,35000;DOWN
2026-06-22 14:05:00;M5;60;21;4208,21741;4210,85000;UP
2026-06-22 15:50:00;M5;60;34;4202,07307;4197,61000;DOWN
2026-06-22 18:35:00;M5;60;55;4183,61381;4182,07000;DOWN
2026-06-22 19:50:00;M5;60;55;4186,66231;4186,97000;UP
2026-06-22 20:05:00;M5;60;55;4189,05924;4187,47000;DOWN
2026-06-22 21:45:00;M5;60;55;4191,13641;4191,85000;UP
2026-06-22 22:05:00;M5;60;21;4191,40055;4192,34000;UP
2026-06-22 22:05:00;M5;60;55;4192,93567;4192,34000;DOWN
2026-06-23 03:05:00;M5;60;21;4187,25463;4184,46000;DOWN
2026-06-23 04:05:00;M5;60;21;4184,27160;4188,61000;UP
2026-06-23 04:40:00;M5;60;89;4161,64707;4154,41000;DOWN
2026-06-23 05:05:00;M5;60;21;4178,04581;4151,41000;DOWN
2026-06-23 10:05:00;M5;60;21;4119,11161;4121,29000;UP
2026-06-23 11:05:00;M5;60;21;4107,48441;4094,21000;DOWN
2026-06-23 12:05:00;M5;60;21;4099,84934;4109,87000;UP
2026-06-23 16:50:00;M5;60;55;4133,21529;4137,15000;UP
2026-06-23 17:30:00;M5;60;55;4128,85008;4127,03000;DOWN
2026-06-23 18:10:00;M5;60;55;4125,29702;4128,12000;UP
2026-06-23 19:30:00;M5;60;89;4139,11049;4140,55000;UP
2026-06-23 20:05:00;M5;60;89;4137,52884;4132,39000;DOWN
2026-06-23 21:40:00;M5;60;55;4117,08430;4116,02000;DOWN
2026-06-23 22:05:00;M5;60;55;4114,41237;4122,12000;UP
2026-06-23 23:10:00;M5;60;55;4111,61335;4110,06000;DOWN
2026-06-24 01:05:00;M5;60;55;4108,64962;4112,44000;UP
2026-06-24 01:20:00;M5;60;34;4107,53794;4106,29000;DOWN
2026-06-24 02:05:00;M5;60;55;4105,48719;4096,67000;DOWN
2026-06-24 03:05:00;M5;60;21;4110,11084;4110,23000;UP
2026-06-24 04:05:00;M5;60;55;4098,86266;4077,22000;DOWN
2026-06-24 08:05:00;M5;60;21;4065,90779;4069,41000;UP
2026-06-24 09:05:00;M5;60;34;4078,32426;4090,56000;UP
2026-06-24 10:55:00;M5;60;55;4074,81811;4074,79000;DOWN
2026-06-24 11:05:00;M5;60;55;4072,23929;4075,53000;UP
2026-06-24 12:25:00;M5;60;55;4069,81910;4069,29000;DOWN
2026-06-24 13:40:00;M5;60;34;4064,71350;4064,82000;UP
2026-06-24 13:15:00;M5;60;21;4059,38870;4059,08000;DOWN
2026-06-24 14:05:00;M5;60;34;4060,26628;4049,17000;DOWN
2026-06-24 16:55:00;M5;60;21;4038,08688;4038,28000;UP
2026-06-24 17:05:00;M5;60;21;4028,21630;4027,79000;DOWN
2026-06-24 19:20:00;M5;60;21;4008,45435;4010,86000;UP
2026-06-24 20:20:00;M5;60;21;3996,70548;3993,00000;DOWN
2026-06-24 21:10:00;M5;60;21;3985,76059;3988,84000;UP
2026-06-24 23:00:00;M5;60;34;3994,82226;3997,33000;UP
2026-06-24 22:05:00;M5;60;21;3977,30660;3976,77000;DOWN
2026-06-24 23:05:00;M5;60;21;3973,01410;3998,85000;UP
2026-06-25 01:05:00;M5;60;55;3998,88090;4003,63000;UP
2026-06-25 03:05:00;M5;60;89;4011,27678;4014,97000;UP
2026-06-25 03:30:00;M5;60;55;3989,05921;3987,60000;DOWN
2026-06-25 04:05:00;M5;60;55;3984,52978;3991,23000;UP
2026-06-25 04:05:00;M5;60;89;4006,20511;3991,23000;DOWN
2026-06-25 05:15:00;M5;60;21;3978,73928;3981,23000;UP
2026-06-25 05:05:00;M5;60;55;3980,29495;3965,75000;DOWN
2026-06-25 06:05:00;M5;60;34;3970,05697;3973,37000;UP
2026-06-25 06:05:00;M5;60;21;3979,92678;3973,37000;DOWN
2026-06-25 07:05:00;M5;60;21;3982,54922;3995,59000;UP
2026-06-25 07:10:00;M5;60;89;3992,61982;3989,45000;DOWN
2026-06-25 08:05:00;M5;60;89;3988,58147;3999,20000;UP
2026-06-25 08:40:00;M5;60;21;3984,67649;3983,08000;DOWN
2026-06-25 09:05:00;M5;60;21;3984,83333;3985,97000;UP
2026-06-25 09:10:00;M5;60;89;3984,56146;3980,12000;DOWN
2026-06-25 10:05:00;M5;60;89;3980,72877;3984,79000;UP
2026-06-25 10:10:00;M5;60;21;3984,46325;3979,94000;DOWN
2026-06-25 11:05:00;M5;60;21;3984,15107;3988,06000;UP
2026-06-25 13:50:00;M5;60;21;3984,22252;3982,56000;DOWN
2026-06-25 14:05:00;M5;60;21;3983,81292;3984,35000;UP
2026-06-25 15:05:00;M5;60;21;3986,38404;3983,21000;DOWN
2026-06-25 16:05:00;M5;60;21;3989,74317;4029,58000;UP
2026-06-25 22:30:00;M5;60;21;4034,74306;4033,86000;DOWN
2026-06-26 01:10:00;M5;60;34;4024,72351;4022,86000;DOWN
2026-06-26 02:20:00;M5;60;34;4027,59571;4028,28000;UP
2026-06-26 03:05:00;M5;60;34;4029,67208;4014,70000;DOWN
2026-06-26 05:20:00;M5;60;55;4007,72227;4005,94000;DOWN
2026-06-26 07:50:00;M5;60;55;4010,95590;4014,38000;UP
2026-06-26 08:05:00;M5;60;21;4009,74806;4012,08000;UP
2026-06-26 08:05:00;M5;60;55;4012,18363;4012,08000;DOWN
2026-06-26 09:25:00;M5;60;34;4023,95210;4024,27000;UP
2026-06-26 09:05:00;M5;60;21;4009,28190;4008,69000;DOWN
2026-06-26 10:05:00;M5;60;21;4011,23984;4029,09000;UP
2026-06-26 15:20:00;M5;60;21;4044,20296;4044,17000;DOWN
2026-06-26 16:20:00;M5;60;21;4053,51466;4057,20000;UP
2026-06-26 20:05:00;M5;60;21;4088,82942;4086,85000;DOWN
2026-06-26 21:20:00;M5;60;34;4073,31171;4071,82000;DOWN
2026-06-26 23:55:00;M5;60;34;4082,04511;4088,42000;UP
2026-06-26 23:05:00;M5;60;55;4068,54501;4066,14000;DOWN
2026-06-29 01:05:00;M5;60;55;4071,76388;4075,99000;UP
2026-06-29 01:05:00;M5;60;34;4084,97884;4075,99000;DOWN
2026-06-29 02:05:00;M5;60;55;4074,33503;4070,32000;DOWN
2026-06-29 06:20:00;M5;60;21;4070,11727;4073,56000;UP
2026-06-29 07:35:00;M5;60;89;4059,08798;4055,05000;DOWN
2026-06-29 09:05:00;M5;60;21;4059,49490;4061,68000;UP
2026-06-29 10:25:00;M5;60;89;4065,48394;4066,01000;UP
2026-06-29 11:05:00;M5;60;89;4067,06250;4063,82000;DOWN
2026-06-29 12:05:00;M5;60;21;4050,71358;4053,00000;UP
2026-06-29 13:05:00;M5;60;21;4045,72846;4031,93000;DOWN
2026-06-29 15:00:00;M5;60;21;4041,18746;4045,28000;UP
2026-06-29 16:10:00;M5;60;34;4046,28249;4047,13000;UP
2026-06-29 16:45:00;M5;60;21;4035,12079;4035,12000;DOWN
2026-06-29 17:05:00;M5;60;34;4041,84074;4015,44000;DOWN
2026-06-29 18:50:00;M5;60;21;4028,19386;4028,20000;UP
2026-06-29 19:10:00;M5;60;21;4024,59545;4023,67000;DOWN
2026-06-29 20:05:00;M5;60;21;4021,29077;4030,40000;UP
2026-06-29 21:05:00;M5;60;34;4024,94671;4022,43000;DOWN
2026-06-29 22:25:00;M5;60;21;4014,96001;4017,02000;UP
2026-06-29 23:25:00;M5;60;34;4017,39055;4017,72000;UP
2026-06-30 01:30:00;M5;60;34;4014,20998;4013,69000;DOWN
2026-06-30 02:05:00;M5;60;21;4009,09835;4019,21000;UP
2026-06-30 03:05:00;M5;60;34;4007,82394;4004,54000;DOWN
2026-06-30 07:15:00;M5;60;21;3973,10059;3974,33000;UP
2026-06-30 08:30:00;M5;60;34;3978,43585;3977,13000;DOWN
2026-06-30 09:05:00;M5;60;34;3977,28541;3987,24000;UP
2026-06-30 11:15:00;M5;60;89;4022,59792;4021,92000;DOWN
2026-06-30 12:50:00;M5;60;89;4020,11999;4021,93000;UP
2026-06-30 15:50:00;M5;60;89;4015,14635;4014,40000;DOWN
2026-06-30 16:05:00;M5;60;89;4013,93672;4023,44000;UP
2026-06-30 17:05:00;M5;60;21;4035,04938;4043,23000;UP
2026-06-30 18:05:00;M5;60;21;4037,93175;4035,20000;DOWN
2026-06-30 20:05:00;M5;60;34;4023,50800;4022,33000;DOWN
2026-06-30 21:05:00;M5;60;34;4027,45868;4032,70000;UP
2026-06-30 22:05:00;M5;60;34;4030,07586;4025,09000;DOWN
2026-06-30 23:55:00;M5;60;89;4009,62063;4007,11000;DOWN
2026-07-01 01:05:00;M5;60;55;4009,51946;4017,05000;UP
2026-07-01 02:45:00;M5;60;89;4008,19206;4007,43000;DOWN
2026-07-01 03:05:00;M5;60;89;4007,19232;4007,44000;UP
2026-07-01 04:05:00;M5;60;89;4005,78882;3985,23000;DOWN
2026-07-01 08:20:00;M5;60;21;3974,45867;3974,54000;UP
2026-07-01 09:05:00;M5;60;21;3969,34398;3966,97000;DOWN
2026-07-01 10:15:00;M5;60;21;3965,86682;3970,24000;UP
2026-07-01 11:15:00;M5;60;34;3979,67703;3982,62000;UP
2026-07-01 12:05:00;M5;60;34;3975,73573;3973,71000;DOWN
2026-07-01 13:05:00;M5;60;34;3973,62691;3987,58000;UP
2026-07-01 20:05:00;M5;60;21;4082,60998;4068,93000;DOWN
2026-07-01 22:40:00;M5;60;34;4054,61409;4053,80000;DOWN
2026-07-01 23:55:00;M5;60;55;4032,00248;4031,42000;DOWN
2026-07-02 01:05:00;M5;60;55;4035,46597;4035,58000;UP
2026-07-02 02:10:00;M5;60;55;4038,24474;4037,67000;DOWN
2026-07-02 04:00:00;M5;60;21;4062,89511;4065,04000;UP
2026-07-02 04:20:00;M5;60;21;4056,21103;4052,31000;DOWN
2026-07-02 05:15:00;M5;60;21;4051,97399;4054,01000;UP
2026-07-02 05:05:00;M5;60;55;4046,65223;4044,56000;DOWN
2026-07-02 06:50:00;M5;60;34;4071,05518;4072,02000;UP
2026-07-02 07:05:00;M5;60;34;4072,05429;4070,52000;DOWN
2026-07-02 08:10:00;M5;60;55;4057,46688;4055,67000;DOWN
2026-07-02 09:15:00;M5;60;34;4073,02440;4074,55000;UP
2026-07-02 10:20:00;M5;60;55;4065,00129;4061,60000;DOWN
2026-07-02 11:05:00;M5;60;21;4066,92399;4071,18000;UP
2026-07-02 12:05:00;M5;60;55;4071,75195;4071,12000;DOWN
2026-07-02 15:30:00;M5;60;21;4078,20844;4127,18000;UP
2026-07-02 19:30:00;M5;60;34;4105,11391;4103,02000;DOWN
2026-07-02 20:05:00;M5;60;34;4110,99621;4116,76000;UP
2026-07-02 22:15:00;M5;60;55;4111,86644;4111,79000;DOWN
2026-07-02 23:05:00;M5;60;55;4115,62366;4121,71000;UP
2026-07-03 03:00:00;M5;60;34;4131,59369;4131,61000;UP
2026-07-03 03:20:00;M5;60;21;4137,64046;4138,54000;UP
2026-07-03 03:05:00;M5;60;34;4135,77998;4128,72000;DOWN
2026-07-03 04:05:00;M5;60;34;4142,27038;4172,46000;UP
2026-07-03 08:45:00;M5;60;34;4172,65245;4171,18000;DOWN
2026-07-03 09:10:00;M5;60;55;4164,52908;4162,37000;DOWN
2026-07-03 11:00:00;M5;60;34;4181,48059;4183,03000;UP
2026-07-03 11:05:00;M5;60;34;4184,98004;4182,32000;DOWN
2026-07-03 12:05:00;M5;60;55;4179,89369;4177,39000;DOWN
2026-07-03 16:05:00;M5;60;89;4175,21028;4166,76000;DOWN
2026-07-03 19:50:00;M5;60;21;4175,03468;4175,07000;UP
2026-07-06 01:35:00;M5;60;34;4189,70560;4190,68000;UP
2026-07-06 02:25:00;M5;60;55;4199,28044;4200,35000;UP
2026-07-06 02:05:00;M5;60;89;4190,72672;4189,45000;DOWN
2026-07-06 03:15:00;M5;60;21;4177,11181;4178,22000;UP
2026-07-06 03:05:00;M5;60;55;4200,04677;4176,62000;DOWN
2026-07-06 04:10:00;M5;60;34;4187,56543;4188,75000;UP
2026-07-06 05:05:00;M5;60;89;4198,68359;4180,96000;DOWN
2026-07-06 10:40:00;M5;60;21;4161,57681;4163,48000;UP
2026-07-06 11:15:00;M5;60;21;4157,12757;4156,35000;DOWN
2026-07-06 13:15:00;M5;60;21;4148,86580;4149,54000;UP
2026-07-06 14:30:00;M5;60;34;4157,49424;4157,52000;UP
2026-07-06 15:20:00;M5;60;34;4154,22724;4147,09000;DOWN
2026-07-06 16:05:00;M5;60;21;4141,94705;4145,53000;UP
2026-07-06 17:05:00;M5;60;21;4139,59620;4136,18000;DOWN
2026-07-06 18:05:00;M5;60;21;4138,56455;4144,28000;UP
2026-07-06 19:10:00;M5;60;34;4142,57603;4140,50000;DOWN
2026-07-06 20:05:00;M5;60;34;4142,02798;4154,19000;UP
2026-07-06 21:05:00;M5;60;55;4157,67047;4156,32000;DOWN
2026-07-06 22:05:00;M5;60;55;4156,31756;4160,67000;UP
2026-07-07 02:50:00;M5;60;21;4161,80486;4161,78000;DOWN
2026-07-07 03:35:00;M5;60;55;4153,64038;4151,00000;DOWN
2026-07-07 09:40:00;M5;60;21;4131,31890;4132,34000;UP
2026-07-07 10:55:00;M5;60;21;4126,27640;4124,73000;DOWN
2026-07-07 11:05:00;M5;60;21;4122,43474;4130,13000;UP
2026-07-07 12:05:00;M5;60;55;4134,55241;4126,54000;DOWN
2026-07-07 13:05:00;M5;60;34;4130,06905;4133,56000;UP
2026-07-07 14:55:00;M5;60;89;4154,11097;4156,72000;UP
2026-07-07 17:35:00;M5;60;89;4150,06596;4149,54000;DOWN
2026-07-07 18:05:00;M5;60;89;4149,07206;4153,34000;UP
2026-07-07 18:50:00;M5;60;34;4138,99252;4137,93000;DOWN
2026-07-07 19:10:00;M5;60;34;4140,46224;4141,17000;UP
2026-07-07 19:05:00;M5;60;89;4148,16805;4140,28000;DOWN
2026-07-07 21:45:00;M5;60;55;4137,94418;4134,74000;DOWN
2026-07-08 03:30:00;M5;60;21;4108,39595;4109,57000;UP
2026-07-08 04:25:00;M5;60;21;4102,67415;4102,52000;DOWN
2026-07-08 05:05:00;M5;60;21;4099,77585;4116,68000;UP
2026-07-08 06:10:00;M5;60;89;4127,69741;4128,08000;UP
2026-07-08 07:10:00;M5;60;89;4125,72075;4124,28000;DOWN
2026-07-08 08:05:00;M5;60;89;4124,07598;4128,16000;UP
2026-07-08 10:00:00;M5;60;89;4122,67689;4120,56000;DOWN
2026-07-08 10:30:00;M5;60;89;4121,45437;4123,88000;UP
2026-07-08 11:10:00;M5;60;89;4119,50477;4117,71000;DOWN
2026-07-08 15:05:00;M5;60;21;4066,22994;4069,27000;UP
2026-07-08 16:10:00;M5;60;34;4073,01192;4072,03000;DOWN
2026-07-08 17:35:00;M5;60;21;4052,59192;4043,01000;DOWN
2026-07-08 19:05:00;M5;60;21;4039,05714;4039,30000;UP
2026-07-08 20:15:00;M5;60;55;4066,26901;4066,28000;UP
2026-07-08 21:45:00;M5;60;89;4081,03096;4090,64000;UP
2026-07-08 23:30:00;M5;60;89;4075,20719;4073,65000;DOWN
2026-07-09 01:05:00;M5;60;89;4072,79502;4077,44000;UP
2026-07-09 04:00:00;M5;60;89;4068,82345;4067,40000;DOWN
2026-07-09 04:05:00;M5;60;89;4067,14022;4073,32000;UP
2026-07-09 05:10:00;M5;60;21;4076,96254;4078,41000;UP
2026-07-09 05:55:00;M5;60;89;4065,46075;4065,00000;DOWN
2026-07-09 06:55:00;M5;60;89;4063,76136;4064,12000;UP
2026-07-09 06:10:00;M5;60;34;4059,96927;4058,92000;DOWN
2026-07-09 07:05:00;M5;60;34;4061,40995;4062,01000;UP
2026-07-09 07:05:00;M5;60;89;4062,03675;4062,01000;DOWN
2026-07-09 08:35:00;M5;60;21;4073,87770;4075,82000;UP
2026-07-09 13:45:00;M5;60;21;4102,33418;4100,85000;DOWN
2026-07-09 14:50:00;M5;60;21;4106,98253;4107,46000;UP
2026-07-09 15:15:00;M5;60;21;4110,90366;4108,01000;DOWN
2026-07-09 16:05:00;M5;60;21;4115,52606;4116,20000;UP
2026-07-09 17:15:00;M5;60;21;4120,77953;4117,28000;DOWN
2026-07-09 18:05:00;M5;60;21;4125,48258;4126,65000;UP
2026-07-09 19:05:00;M5;60;21;4129,31225;4128,76000;DOWN
2026-07-09 20:35:00;M5;60;21;4133,02340;4133,19000;UP
2026-07-09 21:15:00;M5;60;34;4128,35698;4127,21000;DOWN
2026-07-10 03:05:00;M5;60;55;4123,56624;4122,75000;DOWN
2026-07-10 04:15:00;M5;60;55;4126,05101;4126,08000;UP
2026-07-10 05:50:00;M5;60;21;4127,44526;4127,60000;UP
2026-07-10 05:05:00;M5;60;55;4128,38575;4124,82000;DOWN
2026-07-10 06:05:00;M5;60;55;4130,36577;4131,52000;UP
2026-07-10 06:20:00;M5;60;21;4125,63032;4122,31000;DOWN
2026-07-10 07:05:00;M5;60;55;4131,87857;4117,82000;DOWN
2026-07-10 09:15:00;M5;60;21;4118,85656;4119,88000;UP
2026-07-10 10:40:00;M5;60;89;4107,30534;4106,72000;DOWN
2026-07-10 13:00:00;M5;60;21;4108,30039;4108,44000;UP
2026-07-10 13:55:00;M5;60;21;4105,03464;4104,62000;DOWN
2026-07-10 14:05:00;M5;60;21;4102,32828;4105,78000;UP
2026-07-10 15:10:00;M5;60;34;4110,01221;4114,99000;UP
2026-07-10 15:40:00;M5;60;21;4100,07438;4098,41000;DOWN
2026-07-10 16:05:00;M5;60;21;4098,18390;4105,61000;UP
2026-07-10 16:05:00;M5;60;89;4114,21188;4105,61000;DOWN
2026-07-10 17:15:00;M5;60;34;4104,01102;4104,30000;UP
2026-07-10 17:30:00;M5;60;21;4095,98537;4089,90000;DOWN
2026-07-10 18:05:00;M5;60;21;4095,98962;4098,51000;UP
2026-07-10 18:05:00;M5;60;34;4102,05557;4098,51000;DOWN
2026-07-10 19:05:00;M5;60;34;4100,59204;4111,53000;UP
2026-07-10 22:00:00;M5;60;34;4098,36879;4097,95000;DOWN
2026-07-10 22:05:00;M5;60;21;4099,69251;4101,34000;UP
2026-07-10 23:50:00;M5;60;89;4116,07771;4119,24000;UP
2026-07-13 01:05:00;M5;60;89;4115,89544;4090,42000;DOWN
2026-07-13 08:05:00;M5;60;21;4060,83810;4070,90000;UP
2026-07-13 09:05:00;M5;60;21;4054,69964;4052,87000;DOWN
2026-07-13 10:05:00;M5;60;21;4050,92741;4058,33000;UP
2026-07-13 11:10:00;M5;60;55;4072,10519;4073,92000;UP
2026-07-13 12:55:00;M5;60;55;4069,15478;4068,19000;DOWN
2026-07-13 13:05:00;M5;60;55;4066,44001;4068,99000;UP
2026-07-13 13:40:00;M5;60;34;4057,26138;4052,20000;DOWN
2026-07-13 14:05:00;M5;60;21;4054,25968;4064,98000;UP
2026-07-13 14:15:00;M5;60;55;4063,83855;4061,69000;DOWN
2026-07-13 15:20:00;M5;60;55;4061,64831;4062,14000;UP
2026-07-13 16:30:00;M5;60;55;4059,14159;4058,35000;DOWN
2026-07-13 22:05:00;M5;60;21;3998,13706;4000,33000;UP
2026-07-14 01:10:00;M5;60;34;4002,18429;4003,96000;UP
2026-07-14 02:25:00;M5;60;34;3997,70477;3997,40000;DOWN
2026-07-14 03:05:00;M5;60;34;3993,96625;3994,74000;UP
2026-07-14 04:15:00;M5;60;55;4001,35826;4002,89000;UP
2026-07-14 07:30:00;M5;60;89;4017,63881;4021,78000;UP
2026-07-14 11:00:00;M5;60;21;4019,21799;4018,72000;DOWN
2026-07-14 14:20:00;M5;60;21;4027,45734;4027,95000;UP
2026-07-14 15:05:00;M5;60;21;4034,19402;4025,75000;DOWN
2026-07-14 16:05:00;M5;60;21;4043,84866;4077,37000;UP
2026-07-14 19:00:00;M5;60;21;4065,26243;4063,97000;DOWN
2026-07-14 20:10:00;M5;60;34;4058,01685;4056,59000;DOWN
2026-07-14 21:15:00;M5;60;34;4062,56024;4062,77000;UP
2026-07-14 22:05:00;M5;60;34;4065,80700;4054,35000;DOWN
2026-07-15 04:30:00;M5;60;55;4051,60683;4050,81000;DOWN
2026-07-15 09:40:00;M5;60;21;4031,74894;4032,43000;UP
2026-07-15 10:20:00;M5;60;89;4026,27655;4026,03000;DOWN
2026-07-15 11:25:00;M5;60;21;4025,65685;4026,60000;UP
2026-07-15 12:30:00;M5;60;89;4027,34572;4026,73000;DOWN
2026-07-15 13:05:00;M5;60;89;4027,85995;4030,45000;UP
2026-07-15 14:30:00;M5;60;34;4031,34862;4033,20000;UP
2026-07-15 15:30:00;M5;60;55;4047,56017;4054,20000;UP
2026-07-15 18:10:00;M5;60;55;4048,36035;4044,08000;DOWN
2026-07-15 19:15:00;M5;60;89;4036,43571;4033,81000;DOWN
2026-07-15 20:30:00;M5;60;21;4053,56039;4054,85000;UP
2026-07-15 22:15:00;M5;60;21;4058,86396;4056,72000;DOWN
2026-07-15 23:25:00;M5;60;21;4061,22984;4061,29000;UP
2026-07-16 01:20:00;M5;60;21;4062,52592;4061,99000;DOWN
2026-07-16 03:55:00;M5;60;89;4047,98862;4044,61000;DOWN
2026-07-16 09:05:00;M5;60;21;4032,85762;4034,83000;UP
2026-07-16 10:10:00;M5;60;21;4028,98338;4026,26000;DOWN
2026-07-16 11:05:00;M5;60;21;4026,68452;4028,36000;UP
2026-07-16 14:40:00;M5;60;34;4032,92352;4034,88000;UP
2026-07-16 14:20:00;M5;60;21;4025,79862;4024,99000;DOWN
2026-07-16 15:05:00;M5;60;21;4022,53398;4033,28000;UP
2026-07-16 15:05:00;M5;60;55;4037,83858;4033,28000;DOWN
2026-07-16 16:05:00;M5;60;21;4016,28628;3983,92000;DOWN
2026-07-16 18:20:00;M5;60;21;4003,78265;4007,69000;UP
2026-07-16 19:05:00;M5;60;34;4007,50982;3998,47000;DOWN
2026-07-16 21:05:00;M5;60;21;3987,02130;3987,17000;UP
2026-07-16 22:10:00;M5;60;21;3981,09365;3980,50000;DOWN
2026-07-16 23:05:00;M5;60;21;3975,81497;3976,27000;UP
2026-07-17 02:05:00;M5;60;34;3978,25858;3978,50000;UP
2026-07-17 03:55:00;M5;60;55;3990,78131;3991,79000;UP
2026-07-17 04:45:00;M5;60;55;3987,21660;3984,01000;DOWN
2026-07-17 06:00:00;M5;60;55;3983,89769;3988,99000;UP
2026-07-17 05:35:00;M5;60;21;3973,55978;3973,45000;DOWN
2026-07-17 06:05:00;M5;60;21;3975,55132;3990,25000;UP
2026-07-17 08:15:00;M5;60;55;3976,58700;3975,97000;DOWN
2026-07-17 09:05:00;M5;60;21;3982,59728;3988,67000;UP
2026-07-17 10:55:00;M5;60;89;3994,05456;3992,67000;DOWN
2026-07-17 11:05:00;M5;60;89;3992,06916;3997,49000;UP
2026-07-17 13:50:00;M5;60;21;3993,72613;3993,37000;DOWN
2026-07-17 14:25:00;M5;60;21;3995,05801;3995,64000;UP
2026-07-17 15:30:00;M5;60;89;3985,11683;3981,71000;DOWN
2026-07-17 16:35:00;M5;60;21;3991,94799;3993,69000;UP
2026-07-17 21:40:00;M5;60;21;4008,51329;4008,16000;DOWN
2026-07-17 22:50:00;M5;60;21;4011,86391;4015,48000;UP
2026-07-17 22:20:00;M5;60;34;4004,39513;4002,59000;DOWN
2026-07-17 23:05:00;M5;60;34;4007,66636;4013,55000;UP
2026-07-17 23:05:00;M5;60;21;4015,25126;4013,55000;DOWN
2026-07-20 01:05:00;M5;60;34;4009,48847;3997,67000;DOWN
2026-07-20 02:10:00;M5;60;55;3993,62841;3991,06000;DOWN
2026-07-20 04:00:00;M5;60;21;4013,16707;4013,56000;UP
2026-07-20 04:40:00;M5;60;55;3997,53047;3997,00000;DOWN
2026-07-20 05:35:00;M5;60;21;4010,67621;4013,02000;UP
2026-07-20 08:45:00;M5;60;55;4006,60079;4005,73000;DOWN
2026-07-20 09:05:00;M5;60;55;4008,42309;4009,53000;UP
2026-07-20 10:35:00;M5;60;21;4014,39570;4016,39000;UP
2026-07-20 10:05:00;M5;60;55;4010,18850;4005,42000;DOWN
2026-07-20 11:05:00;M5;60;55;4011,91425;4019,86000;UP
2026-07-20 12:05:00;M5;60;34;4018,04490;4017,90000;DOWN
2026-07-20 13:05:00;M5;60;21;4018,98423;4020,38000;UP
2026-07-20 15:00:00;M5;60;55;4017,05149;4014,35000;DOWN
2026-07-20 17:05:00;M5;60;89;4001,27695;4000,77000;DOWN
2026-07-20 18:05:00;M5;60;21;4014,70998;4019,45000;UP
2026-07-20 19:10:00;M5;60;34;4017,06218;4013,68000;DOWN
2026-07-20 20:05:00;M5;60;21;4011,08692;4011,73000;UP
2026-07-20 20:50:00;M5;60;89;4004,91492;4004,71000;DOWN
2026-07-20 21:05:00;M5;60;89;4005,84083;4009,53000;UP
2026-07-20 21:10:00;M5;60;21;4009,11678;4008,72000;DOWN
2026-07-20 22:15:00;M5;60;21;4007,18364;4008,16000;UP
2026-07-20 22:05:00;M5;60;89;4006,64579;4006,44000;DOWN
2026-07-20 23:10:00;M5;60;89;4007,37561;4007,75000;UP
2026-07-20 23:05:00;M5;60;34;4011,78459;4006,56000;DOWN
2026-07-21 01:05:00;M5;60;89;4007,94754;4006,17000;DOWN
2026-07-21 02:05:00;M5;60;21;4003,79646;4008,84000;UP
2026-07-21 03:15:00;M5;60;55;4015,54516;4015,59000;UP
2026-07-21 03:05:00;M5;60;89;4009,23497;4007,68000;DOWN
2026-07-21 04:05:00;M5;60;34;4009,65503;4027,31000;UP
2026-07-21 11:05:00;M5;60;21;4069,55963;4066,61000;DOWN
2026-07-21 14:00:00;M5;60;34;4059,50549;4056,75000;DOWN
2026-07-21 16:20:00;M5;60;55;4053,63522;4052,59000;DOWN
2026-07-21 17:10:00;M5;60;55;4056,37372;4065,84000;UP
2026-07-21 18:10:00;M5;60;21;4070,75323;4073,23000;UP
2026-07-21 19:25:00;M5;60;34;4075,98652;4075,62000;DOWN
2026-07-21 20:05:00;M5;60;21;4070,54427;4071,50000;UP
2026-07-21 21:20:00;M5;60;34;4079,79831;4081,22000;UP
2026-07-21 21:05:00;M5;60;21;4072,06509;4071,77000;DOWN
2026-07-21 22:05:00;M5;60;21;4074,75808;4081,39000;UP
2026-07-21 22:05:00;M5;60;34;4081,78005;4081,39000;DOWN
2026-07-21 23:05:00;M5;60;34;4083,25969;4085,08000;UP
2026-07-22 01:05:00;M5;60;55;4078,39903;4077,86000;DOWN
2026-07-22 03:00:00;M5;60;21;4082,35952;4082,72000;UP
2026-07-22 03:05:00;M5;60;34;4086,86848;4088,10000;UP
2026-07-22 08:05:00;M5;60;21;4129,18784;4127,14000;DOWN
2026-07-22 10:00:00;M5;60;55;4113,12424;4112,64000;DOWN
2026-07-22 10:15:00;M5;60;55;4117,06612;4118,79000;UP
2026-07-22 11:05:00;M5;60;55;4120,43325;4114,48000;DOWN
2026-07-22 15:10:00;M5;60;21;4126,30393;4126,96000;UP
2026-07-22 15:55:00;M5;60;89;4115,46317;4112,89000;DOWN
2026-07-22 16:05:00;M5;60;89;4118,86074;4121,09000;UP
2026-07-22 16:05:00;M5;60;55;4132,12553;4121,09000;DOWN
2026-07-22 17:05:00;M5;60;21;4130,99687;4156,54000;UP
2026-07-22 20:05:00;M5;60;55;4146,06809;4144,30000;DOWN
2026-07-22 21:20:00;M5;60;89;4137,32277;4136,64000;DOWN
2026-07-23 04:05:00;M5;60;21;4132,94787;4133,66000;UP
2026-07-23 05:05:00;M5;60;21;4129,25770;4114,24000;DOWN
2026-07-23 06:10:00;M5;60;21;4126,08795;4127,07000;UP
2026-07-23 07:40:00;M5;60;21;4123,37471;4123,12000;DOWN
2026-07-23 08:05:00;M5;60;21;4121,66402;4124,20000;UP
2026-07-23 09:40:00;M5;60;21;4120,01076;4119,94000;DOWN
2026-07-23 19:05:00;M5;60;21;4046,78601;4048,55000;UP
2026-07-23 22:20:00;M5;60;34;4045,51396;4048,04000;UP
2026-07-24 04:40:00;M5;60;55;4047,24761;4049,96000;UP
2026-07-24 05:35:00;M5;60;55;4042,62448;4042,36000;DOWN
2026-07-24 06:05:00;M5;60;34;4026,02789;4026,87000;UP
2026-07-24 08:05:00;M5;60;21;4028,91479;4028,96000;UP
2026-07-24 12:05:00;M5;60;89;4054,94924;4057,48000;UP
2026-07-24 16:00:00;M5;60;21;4053,00271;4052,16000;DOWN
2026-07-24 16:45:00;M5;60;21;4058,22426;4058,36000;UP
2026-07-24 17:05:00;M5;60;21;4062,76557;4062,40000;DOWN
2026-07-24 18:10:00;M5;60;21;4067,89580;4074,68000;UP
2026-07-24 19:35:00;M5;60;21;4071,64017;4067,99000;DOWN
2026-07-24 21:10:00;M5;60;34;4061,63671;4061,59000;DOWN
